

INSERT INTO `area` (`id`, `name`) VALUES ('1', 'Центральный');
INSERT INTO `area` (`id`, `name`) VALUES ('2', 'Северный');
INSERT INTO `area` (`id`, `name`) VALUES ('3', 'Восточный');
INSERT INTO `area` (`id`, `name`) VALUES ('4', 'Юго-Восточный');
INSERT INTO `area` (`id`, `name`) VALUES ('5', 'Южный');
INSERT INTO `area` (`id`, `name`) VALUES ('6', 'Юго-Западный');
INSERT INTO `area` (`id`, `name`) VALUES ('7', 'Западный ');
INSERT INTO `area` (`id`, `name`) VALUES ('8', 'Северо-Западный');
INSERT INTO `area` (`id`, `name`) VALUES ('9', 'Зеленоградский');
INSERT INTO `area` (`id`, `name`) VALUES ('10', 'Новомосковский');


INSERT INTO `bus_shelters` (`id`, `name`, `address`, `date_construction`, `area_id`) VALUES ('1', 'error', '31922 Montana Coves\nPort Jarrod, NM 83725', '1981-11-23', '1');
INSERT INTO `bus_shelters` (`id`, `name`, `address`, `date_construction`, `area_id`) VALUES ('2', 'in', '01936 Windler Greens\nJeffereybury, MA 75786-9349', '1974-05-05', '2');
INSERT INTO `bus_shelters` (`id`, `name`, `address`, `date_construction`, `area_id`) VALUES ('3', 'qui', '240 Cathy Club Apt. 418\nGrahammouth, MT 55356-9466', '2011-10-27', '3');
INSERT INTO `bus_shelters` (`id`, `name`, `address`, `date_construction`, `area_id`) VALUES ('4', 'quae', '810 Feil Throughway\nSouth Eusebiostad, NM 91536-1614', '1984-04-16', '4');
INSERT INTO `bus_shelters` (`id`, `name`, `address`, `date_construction`, `area_id`) VALUES ('5', 'aliquid', '5590 Vito Fort\nGregorioborough, NC 96018', '1989-02-25', '5');
INSERT INTO `bus_shelters` (`id`, `name`, `address`, `date_construction`, `area_id`) VALUES ('6', 'rerum', '3826 Madaline Dale\nAdamston, AL 50037', '1977-06-28', '6');
INSERT INTO `bus_shelters` (`id`, `name`, `address`, `date_construction`, `area_id`) VALUES ('7', 'tempore', '473 Hodkiewicz Village\nGreenhaven, SD 38223', '1972-08-29', '7');
INSERT INTO `bus_shelters` (`id`, `name`, `address`, `date_construction`, `area_id`) VALUES ('8', 'molestiae', '320 Schinner Ports\nPowlowskiport, NM 82013-5374', '2009-08-01', '8');
INSERT INTO `bus_shelters` (`id`, `name`, `address`, `date_construction`, `area_id`) VALUES ('9', 'officia', '346 Abbott Mount Apt. 387\nUptonville, WV 76946', '2007-10-24', '9');
INSERT INTO `bus_shelters` (`id`, `name`, `address`, `date_construction`, `area_id`) VALUES ('10', 'voluptatem', '739 Antonietta Land Suite 719\nNew Elfrieda, DC 82256-7843', '2001-05-09', '10');
INSERT INTO `bus_shelters` (`id`, `name`, `address`, `date_construction`, `area_id`) VALUES ('11', 'et', '269 Kitty Parkways Suite 407\nKeeblershire, WY 25033-5640', '2007-11-26', '1');
INSERT INTO `bus_shelters` (`id`, `name`, `address`, `date_construction`, `area_id`) VALUES ('12', 'provident', '42276 Beaulah Walks\nNew Virginie, NE 35013', '1972-05-26', '2');
INSERT INTO `bus_shelters` (`id`, `name`, `address`, `date_construction`, `area_id`) VALUES ('13', 'temporibus', '03797 Sammy Circles\nRunolfssonville, CT 79272-7570', '1976-11-23', '3');
INSERT INTO `bus_shelters` (`id`, `name`, `address`, `date_construction`, `area_id`) VALUES ('14', 'magnam', '6493 Bode Pines Apt. 233\nKatherynhaven, NE 49253', '1998-01-11', '4');
INSERT INTO `bus_shelters` (`id`, `name`, `address`, `date_construction`, `area_id`) VALUES ('15', 'mollitia', '233 Schiller Cape Apt. 582\nLueilwitzside, KY 02332', '2001-07-06', '5');
INSERT INTO `bus_shelters` (`id`, `name`, `address`, `date_construction`, `area_id`) VALUES ('16', 'eos', '44410 Beatty Views\nNew Revahaven, TX 63392-9390', '1981-01-21', '6');
INSERT INTO `bus_shelters` (`id`, `name`, `address`, `date_construction`, `area_id`) VALUES ('17', 'iure', '105 Beulah Port Apt. 801\nPort Carey, DE 73923-5274', '2018-03-03', '7');
INSERT INTO `bus_shelters` (`id`, `name`, `address`, `date_construction`, `area_id`) VALUES ('18', 'nihil', '1858 Schowalter Cove Apt. 897\nSouth Julianville, IA 91398', '1978-01-04', '8');
INSERT INTO `bus_shelters` (`id`, `name`, `address`, `date_construction`, `area_id`) VALUES ('19', 'eum', '4034 Gene Lodge Suite 370\nShemarberg, HI 10537', '2011-06-27', '9');
INSERT INTO `bus_shelters` (`id`, `name`, `address`, `date_construction`, `area_id`) VALUES ('20', 'vel', '9174 Hoyt Islands Suite 289\nSouth Santosbury, FL 37033-4865', '2008-07-14', '10');


INSERT INTO `drivers` (`id`, `transport_id`, `vehicle_fleet_id`) VALUES ('1', '28', '3');
INSERT INTO `drivers` (`id`, `transport_id`, `vehicle_fleet_id`) VALUES ('2', '26', '1');
INSERT INTO `drivers` (`id`, `transport_id`, `vehicle_fleet_id`) VALUES ('3', '15', '1');
INSERT INTO `drivers` (`id`, `transport_id`, `vehicle_fleet_id`) VALUES ('4', '21', '3');
INSERT INTO `drivers` (`id`, `transport_id`, `vehicle_fleet_id`) VALUES ('5', '8', '1');
INSERT INTO `drivers` (`id`, `transport_id`, `vehicle_fleet_id`) VALUES ('6', '7', '4');
INSERT INTO `drivers` (`id`, `transport_id`, `vehicle_fleet_id`) VALUES ('7', '7', '3');
INSERT INTO `drivers` (`id`, `transport_id`, `vehicle_fleet_id`) VALUES ('8', '22', '1');
INSERT INTO `drivers` (`id`, `transport_id`, `vehicle_fleet_id`) VALUES ('9', '2', '4');
INSERT INTO `drivers` (`id`, `transport_id`, `vehicle_fleet_id`) VALUES ('10', '20', '3');
INSERT INTO `drivers` (`id`, `transport_id`, `vehicle_fleet_id`) VALUES ('11', '11', '3');
INSERT INTO `drivers` (`id`, `transport_id`, `vehicle_fleet_id`) VALUES ('12', '18', '1');
INSERT INTO `drivers` (`id`, `transport_id`, `vehicle_fleet_id`) VALUES ('13', '24', '4');
INSERT INTO `drivers` (`id`, `transport_id`, `vehicle_fleet_id`) VALUES ('14', '5', '4');
INSERT INTO `drivers` (`id`, `transport_id`, `vehicle_fleet_id`) VALUES ('15', '2', '3');




INSERT INTO `license_cards` (`id`, `number`, `date_receipt`, `date_expiration`, `scan`) VALUES ('1', '23334989', '1999-06-23', '2020-11-23', NULL);
INSERT INTO `license_cards` (`id`, `number`, `date_receipt`, `date_expiration`, `scan`) VALUES ('2', '0', '2011-01-13', '2020-12-07', NULL);
INSERT INTO `license_cards` (`id`, `number`, `date_receipt`, `date_expiration`, `scan`) VALUES ('3', '431', '1984-10-23', '2020-09-24', NULL);
INSERT INTO `license_cards` (`id`, `number`, `date_receipt`, `date_expiration`, `scan`) VALUES ('4', '8505', '2004-04-01', '2020-02-22', NULL);
INSERT INTO `license_cards` (`id`, `number`, `date_receipt`, `date_expiration`, `scan`) VALUES ('5', '0', '1988-09-30', '2020-03-11', NULL);
INSERT INTO `license_cards` (`id`, `number`, `date_receipt`, `date_expiration`, `scan`) VALUES ('6', '170735975', '2014-03-17', '2020-05-31', NULL);
INSERT INTO `license_cards` (`id`, `number`, `date_receipt`, `date_expiration`, `scan`) VALUES ('7', '8014', '2000-09-09', '2020-06-03', NULL);
INSERT INTO `license_cards` (`id`, `number`, `date_receipt`, `date_expiration`, `scan`) VALUES ('8', '112', '2007-05-15', '2020-08-01', NULL);
INSERT INTO `license_cards` (`id`, `number`, `date_receipt`, `date_expiration`, `scan`) VALUES ('9', '472', '2014-03-14', '2020-01-29', NULL);
INSERT INTO `license_cards` (`id`, `number`, `date_receipt`, `date_expiration`, `scan`) VALUES ('10', '247560336', '1998-08-28', '2020-11-24', NULL);
INSERT INTO `license_cards` (`id`, `number`, `date_receipt`, `date_expiration`, `scan`) VALUES ('11', '3851376', '1986-05-16', '2020-07-12', NULL);
INSERT INTO `license_cards` (`id`, `number`, `date_receipt`, `date_expiration`, `scan`) VALUES ('12', '228059828', '1997-07-19', '2020-10-13', NULL);
INSERT INTO `license_cards` (`id`, `number`, `date_receipt`, `date_expiration`, `scan`) VALUES ('13', '255728323', '1976-07-17', '2020-11-19', NULL);
INSERT INTO `license_cards` (`id`, `number`, `date_receipt`, `date_expiration`, `scan`) VALUES ('14', '73547', '1984-02-18', '2020-08-05', NULL);
INSERT INTO `license_cards` (`id`, `number`, `date_receipt`, `date_expiration`, `scan`) VALUES ('15', '9', '1982-04-05', '2020-09-09', NULL);
INSERT INTO `license_cards` (`id`, `number`, `date_receipt`, `date_expiration`, `scan`) VALUES ('16', '494', '2015-11-05', '2020-05-10', NULL);
INSERT INTO `license_cards` (`id`, `number`, `date_receipt`, `date_expiration`, `scan`) VALUES ('17', '3', '1999-07-06', '2020-10-16', NULL);
INSERT INTO `license_cards` (`id`, `number`, `date_receipt`, `date_expiration`, `scan`) VALUES ('18', '904', '2016-04-16', '2020-04-21', NULL);
INSERT INTO `license_cards` (`id`, `number`, `date_receipt`, `date_expiration`, `scan`) VALUES ('19', '1675', '1977-09-27', '2020-03-22', NULL);
INSERT INTO `license_cards` (`id`, `number`, `date_receipt`, `date_expiration`, `scan`) VALUES ('20', '7', '1987-10-02', '2020-08-28', NULL);
INSERT INTO `license_cards` (`id`, `number`, `date_receipt`, `date_expiration`, `scan`) VALUES ('21', '3', '2019-01-09', '2020-05-30', NULL);
INSERT INTO `license_cards` (`id`, `number`, `date_receipt`, `date_expiration`, `scan`) VALUES ('22', '3', '1990-06-07', '2020-04-27', NULL);
INSERT INTO `license_cards` (`id`, `number`, `date_receipt`, `date_expiration`, `scan`) VALUES ('23', '947', '1997-11-04', '2020-06-28', NULL);
INSERT INTO `license_cards` (`id`, `number`, `date_receipt`, `date_expiration`, `scan`) VALUES ('24', '4397953', '1976-10-24', '2020-11-21', NULL);
INSERT INTO `license_cards` (`id`, `number`, `date_receipt`, `date_expiration`, `scan`) VALUES ('25', '5131', '1980-12-25', '2020-05-23', NULL);
INSERT INTO `license_cards` (`id`, `number`, `date_receipt`, `date_expiration`, `scan`) VALUES ('26', '0', '1983-10-04', '2020-01-05', NULL);
INSERT INTO `license_cards` (`id`, `number`, `date_receipt`, `date_expiration`, `scan`) VALUES ('27', '31', '1982-04-23', '2020-08-13', NULL);
INSERT INTO `license_cards` (`id`, `number`, `date_receipt`, `date_expiration`, `scan`) VALUES ('28', '185620491', '2002-03-09', '2020-02-10', NULL);
INSERT INTO `license_cards` (`id`, `number`, `date_receipt`, `date_expiration`, `scan`) VALUES ('29', '792', '1973-10-12', '2020-08-22', NULL);
INSERT INTO `license_cards` (`id`, `number`, `date_receipt`, `date_expiration`, `scan`) VALUES ('30', '859', '1972-09-11', '2020-07-23', NULL);



INSERT INTO `passports` (`id`, `series`, `number`, `issued`, `division_code`, `birthplace`, `date_receipt`, `scan`) VALUES ('1', '46411394', '516', NULL, 'nuuj', '', '2009-09-08', 'http://lorempixel.com/640/480/');
INSERT INTO `passports` (`id`, `series`, `number`, `issued`, `division_code`, `birthplace`, `date_receipt`, `scan`) VALUES ('2', '2399025', '0', NULL, 'otbj', '5468', '1999-10-31', 'http://lorempixel.com/640/480/');
INSERT INTO `passports` (`id`, `series`, `number`, `issued`, `division_code`, `birthplace`, `date_receipt`, `scan`) VALUES ('3', '3', '97098', NULL, 'sqbn', '74500', '2010-08-30', 'http://lorempixel.com/640/480/');
INSERT INTO `passports` (`id`, `series`, `number`, `issued`, `division_code`, `birthplace`, `date_receipt`, `scan`) VALUES ('4', '58974288', '5674', NULL, 'vdni', '9', '2000-09-01', 'http://lorempixel.com/640/480/');
INSERT INTO `passports` (`id`, `series`, `number`, `issued`, `division_code`, `birthplace`, `date_receipt`, `scan`) VALUES ('5', '55', '615', NULL, 'xipn', '', '1977-01-01', 'http://lorempixel.com/640/480/');
INSERT INTO `passports` (`id`, `series`, `number`, `issued`, `division_code`, `birthplace`, `date_receipt`, `scan`) VALUES ('6', '0', '45', NULL, 'eqib', '93352', '1976-12-19', 'http://lorempixel.com/640/480/');
INSERT INTO `passports` (`id`, `series`, `number`, `issued`, `division_code`, `birthplace`, `date_receipt`, `scan`) VALUES ('7', '876', '8', NULL, 'sdeb', '3', '1987-06-14', 'http://lorempixel.com/640/480/');
INSERT INTO `passports` (`id`, `series`, `number`, `issued`, `division_code`, `birthplace`, `date_receipt`, `scan`) VALUES ('8', '0', '923623588', NULL, 'yyhm', '6352', '1971-06-02', 'http://lorempixel.com/640/480/');
INSERT INTO `passports` (`id`, `series`, `number`, `issued`, `division_code`, `birthplace`, `date_receipt`, `scan`) VALUES ('9', '89480946', '997669862', NULL, 'ydve', '7779', '2000-08-09', 'http://lorempixel.com/640/480/');
INSERT INTO `passports` (`id`, `series`, `number`, `issued`, `division_code`, `birthplace`, `date_receipt`, `scan`) VALUES ('10', '29127723', '1056139', NULL, 'fdme', '1219', '2004-11-20', 'http://lorempixel.com/640/480/');
INSERT INTO `passports` (`id`, `series`, `number`, `issued`, `division_code`, `birthplace`, `date_receipt`, `scan`) VALUES ('11', '79', '666624289', NULL, 'ygpr', '5', '1977-05-12', 'http://lorempixel.com/640/480/');
INSERT INTO `passports` (`id`, `series`, `number`, `issued`, `division_code`, `birthplace`, `date_receipt`, `scan`) VALUES ('12', '274', '0', NULL, 'iuuw', '', '1984-10-14', 'http://lorempixel.com/640/480/');
INSERT INTO `passports` (`id`, `series`, `number`, `issued`, `division_code`, `birthplace`, `date_receipt`, `scan`) VALUES ('13', '44', '68', NULL, 'jbac', '78861', '1984-09-21', 'http://lorempixel.com/640/480/');
INSERT INTO `passports` (`id`, `series`, `number`, `issued`, `division_code`, `birthplace`, `date_receipt`, `scan`) VALUES ('14', '9586', '563', NULL, 'afru', '505584033', '1993-03-09', 'http://lorempixel.com/640/480/');
INSERT INTO `passports` (`id`, `series`, `number`, `issued`, `division_code`, `birthplace`, `date_receipt`, `scan`) VALUES ('15', '619928', '5193181', NULL, 'jqih', '11151842', '1973-06-29', 'http://lorempixel.com/640/480/');
INSERT INTO `passports` (`id`, `series`, `number`, `issued`, `division_code`, `birthplace`, `date_receipt`, `scan`) VALUES ('16', '728687', '0', NULL, 'uamz', '18', '1986-12-29', 'http://lorempixel.com/640/480/');
INSERT INTO `passports` (`id`, `series`, `number`, `issued`, `division_code`, `birthplace`, `date_receipt`, `scan`) VALUES ('17', '17260', '353', NULL, 'kvlx', '327', '2008-10-11', 'http://lorempixel.com/640/480/');
INSERT INTO `passports` (`id`, `series`, `number`, `issued`, `division_code`, `birthplace`, `date_receipt`, `scan`) VALUES ('18', '52280', '881', NULL, 'pxuq', '871227', '1985-11-10', 'http://lorempixel.com/640/480/');
INSERT INTO `passports` (`id`, `series`, `number`, `issued`, `division_code`, `birthplace`, `date_receipt`, `scan`) VALUES ('19', '52', '650502415', NULL, 'vyjf', '5454', '1985-09-10', 'http://lorempixel.com/640/480/');
INSERT INTO `passports` (`id`, `series`, `number`, `issued`, `division_code`, `birthplace`, `date_receipt`, `scan`) VALUES ('20', '65543237', '253', NULL, 'xqol', '98510457', '1986-05-07', 'http://lorempixel.com/640/480/');
INSERT INTO `passports` (`id`, `series`, `number`, `issued`, `division_code`, `birthplace`, `date_receipt`, `scan`) VALUES ('21', '0', '534', NULL, 'cawd', '58850258', '2010-02-16', 'http://lorempixel.com/640/480/');
INSERT INTO `passports` (`id`, `series`, `number`, `issued`, `division_code`, `birthplace`, `date_receipt`, `scan`) VALUES ('22', '950046895', '36', NULL, 'suwq', '23936', '1996-12-15', 'http://lorempixel.com/640/480/');
INSERT INTO `passports` (`id`, `series`, `number`, `issued`, `division_code`, `birthplace`, `date_receipt`, `scan`) VALUES ('23', '850', '5562186', NULL, 'siws', '336859', '2001-08-17', 'http://lorempixel.com/640/480/');
INSERT INTO `passports` (`id`, `series`, `number`, `issued`, `division_code`, `birthplace`, `date_receipt`, `scan`) VALUES ('24', '26387018', '64', NULL, 'sqcs', '44544', '2003-03-03', 'http://lorempixel.com/640/480/');
INSERT INTO `passports` (`id`, `series`, `number`, `issued`, `division_code`, `birthplace`, `date_receipt`, `scan`) VALUES ('25', '543', '6321', NULL, 'ghww', '109750', '2014-02-09', 'http://lorempixel.com/640/480/');
INSERT INTO `passports` (`id`, `series`, `number`, `issued`, `division_code`, `birthplace`, `date_receipt`, `scan`) VALUES ('26', '0', '6555', NULL, 'ozwd', '45254168', '2014-10-26', 'http://lorempixel.com/640/480/');
INSERT INTO `passports` (`id`, `series`, `number`, `issued`, `division_code`, `birthplace`, `date_receipt`, `scan`) VALUES ('27', '46450', '3194', NULL, 'vrzy', '8', '1978-05-24', 'http://lorempixel.com/640/480/');
INSERT INTO `passports` (`id`, `series`, `number`, `issued`, `division_code`, `birthplace`, `date_receipt`, `scan`) VALUES ('28', '64305091', '87090', NULL, 'sfbe', '893033', '2009-09-05', 'http://lorempixel.com/640/480/');
INSERT INTO `passports` (`id`, `series`, `number`, `issued`, `division_code`, `birthplace`, `date_receipt`, `scan`) VALUES ('29', '3847289', '4135', NULL, 'zsue', '1', '2018-06-25', 'http://lorempixel.com/640/480/');
INSERT INTO `passports` (`id`, `series`, `number`, `issued`, `division_code`, `birthplace`, `date_receipt`, `scan`) VALUES ('30', '6', '0', NULL, 'zzwv', '886', '1999-02-13', 'http://lorempixel.com/640/480/');




INSERT INTO `photos` (`id`, `photo`, `type_photo`, `size`) VALUES ('1', NULL, NULL, 351745);
INSERT INTO `photos` (`id`, `photo`, `type_photo`, `size`) VALUES ('2', NULL, NULL, 66835);
INSERT INTO `photos` (`id`, `photo`, `type_photo`, `size`) VALUES ('3', NULL, NULL, 532);
INSERT INTO `photos` (`id`, `photo`, `type_photo`, `size`) VALUES ('4', NULL, NULL, 0);
INSERT INTO `photos` (`id`, `photo`, `type_photo`, `size`) VALUES ('5', NULL, NULL, 917397721);
INSERT INTO `photos` (`id`, `photo`, `type_photo`, `size`) VALUES ('6', NULL, NULL, 0);
INSERT INTO `photos` (`id`, `photo`, `type_photo`, `size`) VALUES ('7', NULL, NULL, 1);
INSERT INTO `photos` (`id`, `photo`, `type_photo`, `size`) VALUES ('8', NULL, NULL, 46578124);
INSERT INTO `photos` (`id`, `photo`, `type_photo`, `size`) VALUES ('9', NULL, NULL, 246242);
INSERT INTO `photos` (`id`, `photo`, `type_photo`, `size`) VALUES ('10', NULL, NULL, 4);
INSERT INTO `photos` (`id`, `photo`, `type_photo`, `size`) VALUES ('11', NULL, NULL, 332665);
INSERT INTO `photos` (`id`, `photo`, `type_photo`, `size`) VALUES ('12', NULL, NULL, 1048);
INSERT INTO `photos` (`id`, `photo`, `type_photo`, `size`) VALUES ('13', NULL, NULL, 65);
INSERT INTO `photos` (`id`, `photo`, `type_photo`, `size`) VALUES ('14', NULL, NULL, 255);
INSERT INTO `photos` (`id`, `photo`, `type_photo`, `size`) VALUES ('15', NULL, NULL, 36);
INSERT INTO `photos` (`id`, `photo`, `type_photo`, `size`) VALUES ('16', NULL, NULL, 0);
INSERT INTO `photos` (`id`, `photo`, `type_photo`, `size`) VALUES ('17', NULL, NULL, 1);
INSERT INTO `photos` (`id`, `photo`, `type_photo`, `size`) VALUES ('18', NULL, NULL, 908);
INSERT INTO `photos` (`id`, `photo`, `type_photo`, `size`) VALUES ('19', NULL, NULL, 808497783);
INSERT INTO `photos` (`id`, `photo`, `type_photo`, `size`) VALUES ('20', NULL, NULL, 8);
INSERT INTO `photos` (`id`, `photo`, `type_photo`, `size`) VALUES ('21', NULL, NULL, 7);
INSERT INTO `photos` (`id`, `photo`, `type_photo`, `size`) VALUES ('22', NULL, NULL, 116123);
INSERT INTO `photos` (`id`, `photo`, `type_photo`, `size`) VALUES ('23', NULL, NULL, 0);
INSERT INTO `photos` (`id`, `photo`, `type_photo`, `size`) VALUES ('24', NULL, NULL, 17397);
INSERT INTO `photos` (`id`, `photo`, `type_photo`, `size`) VALUES ('25', NULL, NULL, 7698131);
INSERT INTO `photos` (`id`, `photo`, `type_photo`, `size`) VALUES ('26', NULL, NULL, 769583862);
INSERT INTO `photos` (`id`, `photo`, `type_photo`, `size`) VALUES ('27', NULL, NULL, 92122);
INSERT INTO `photos` (`id`, `photo`, `type_photo`, `size`) VALUES ('28', NULL, NULL, 47);
INSERT INTO `photos` (`id`, `photo`, `type_photo`, `size`) VALUES ('29', NULL, NULL, 9602);
INSERT INTO `photos` (`id`, `photo`, `type_photo`, `size`) VALUES ('30', NULL, NULL, 92932);




INSERT INTO `profile_drivers` (`drivers_id`, `firstname`, `lastname`, `email`, `phone`, `gender`, `birthday`, `photo_id`, `hometown`, `license_cards_id`, `passport_id`) VALUES ('1', 'Kristina', 'Dibbert', 'keshawn.lubowitz@example.org', '4474968672', NULL, '1991-01-07', '16', NULL, '2', '1');
INSERT INTO `profile_drivers` (`drivers_id`, `firstname`, `lastname`, `email`, `phone`, `gender`, `birthday`, `photo_id`, `hometown`, `license_cards_id`, `passport_id`) VALUES ('2', 'Brannon', 'Corkery', 'alta90@example.org', '0', NULL, '1992-01-25', '21', NULL, '30', '29');
INSERT INTO `profile_drivers` (`drivers_id`, `firstname`, `lastname`, `email`, `phone`, `gender`, `birthday`, `photo_id`, `hometown`, `license_cards_id`, `passport_id`) VALUES ('3', 'Adelia', 'Braun', 'darrel71@example.com', '273647', NULL, '1978-07-13', '6', NULL, '1', '10');
INSERT INTO `profile_drivers` (`drivers_id`, `firstname`, `lastname`, `email`, `phone`, `gender`, `birthday`, `photo_id`, `hometown`, `license_cards_id`, `passport_id`) VALUES ('4', 'Susie', 'Mraz', 'bianka.reichel@example.net', '51750', NULL, '1997-01-31', '10', NULL, '4', '23');
INSERT INTO `profile_drivers` (`drivers_id`, `firstname`, `lastname`, `email`, `phone`, `gender`, `birthday`, `photo_id`, `hometown`, `license_cards_id`, `passport_id`) VALUES ('5', 'Kelli', 'Trantow', 'eturner@example.com', '604336', NULL, '1974-07-06', '14', NULL, '10', '12');
INSERT INTO `profile_drivers` (`drivers_id`, `firstname`, `lastname`, `email`, `phone`, `gender`, `birthday`, `photo_id`, `hometown`, `license_cards_id`, `passport_id`) VALUES ('6', 'Maybelle', 'Koepp', 'vswift@example.net', '803582', NULL, '1981-03-21', '15', NULL, '13', '20');
INSERT INTO `profile_drivers` (`drivers_id`, `firstname`, `lastname`, `email`, `phone`, `gender`, `birthday`, `photo_id`, `hometown`, `license_cards_id`, `passport_id`) VALUES ('7', 'Florida', 'Boyle', 'gorczany.myrtie@example.com', '1', NULL, '1986-07-12', '9', NULL, '12', '6');
INSERT INTO `profile_drivers` (`drivers_id`, `firstname`, `lastname`, `email`, `phone`, `gender`, `birthday`, `photo_id`, `hometown`, `license_cards_id`, `passport_id`) VALUES ('8', 'Lawson', 'Daniel', 'gracie.okuneva@example.com', '0', NULL, '2005-11-01', '8', NULL, '7', '5');
INSERT INTO `profile_drivers` (`drivers_id`, `firstname`, `lastname`, `email`, `phone`, `gender`, `birthday`, `photo_id`, `hometown`, `license_cards_id`, `passport_id`) VALUES ('9', 'Henriette', 'Kuvalis', 'qcremin@example.org', '0', NULL, '1988-09-30', '20', NULL, '25', '26');
INSERT INTO `profile_drivers` (`drivers_id`, `firstname`, `lastname`, `email`, `phone`, `gender`, `birthday`, `photo_id`, `hometown`, `license_cards_id`, `passport_id`) VALUES ('10', 'Linnie', 'Gaylord', 'heaven.erdman@example.net', '0', NULL, '1982-11-04', '24', NULL, '18', '28');
INSERT INTO `profile_drivers` (`drivers_id`, `firstname`, `lastname`, `email`, `phone`, `gender`, `birthday`, `photo_id`, `hometown`, `license_cards_id`, `passport_id`) VALUES ('11', 'Reba', 'Reilly', 'murray.lillie@example.net', '644709', NULL, '2007-10-04', '4', NULL, '28', '2');
INSERT INTO `profile_drivers` (`drivers_id`, `firstname`, `lastname`, `email`, `phone`, `gender`, `birthday`, `photo_id`, `hometown`, `license_cards_id`, `passport_id`) VALUES ('12', 'Alisa', 'Wolf', 'nathan95@example.com', '1', NULL, '1978-08-15', '8', NULL, '26', '24');
INSERT INTO `profile_drivers` (`drivers_id`, `firstname`, `lastname`, `email`, `phone`, `gender`, `birthday`, `photo_id`, `hometown`, `license_cards_id`, `passport_id`) VALUES ('13', 'Sven', 'Pacocha', 'mathilde21@example.com', '661', NULL, '2012-06-12', '28', NULL, '22', '17');
INSERT INTO `profile_drivers` (`drivers_id`, `firstname`, `lastname`, `email`, `phone`, `gender`, `birthday`, `photo_id`, `hometown`, `license_cards_id`, `passport_id`) VALUES ('14', 'Raquel', 'Brakus', 'beer.hope@example.net', '847', NULL, '2009-06-22', '1', NULL, '15', '21');
INSERT INTO `profile_drivers` (`drivers_id`, `firstname`, `lastname`, `email`, `phone`, `gender`, `birthday`, `photo_id`, `hometown`, `license_cards_id`, `passport_id`) VALUES ('15', 'Vicky', 'Murazik', 'hwunsch@example.org', '0', NULL, '2006-10-02', '13', NULL, '19', '7');



INSERT INTO `routes` (`id`, `number`, `vehicle_fleet_id`) VALUES ('1', 123, '1');
INSERT INTO `routes` (`id`, `number`, `vehicle_fleet_id`) VALUES ('2', 154, '2');
INSERT INTO `routes` (`id`, `number`, `vehicle_fleet_id`) VALUES ('3', 59, '3');
INSERT INTO `routes` (`id`, `number`, `vehicle_fleet_id`) VALUES ('4', 601, '4');
INSERT INTO `routes` (`id`, `number`, `vehicle_fleet_id`) VALUES ('5', 16, '1');
INSERT INTO `routes` (`id`, `number`, `vehicle_fleet_id`) VALUES ('6', 77, '2');
INSERT INTO `routes` (`id`, `number`, `vehicle_fleet_id`) VALUES ('7', 37, '3');
INSERT INTO `routes` (`id`, `number`, `vehicle_fleet_id`) VALUES ('8', 1, '4');
INSERT INTO `routes` (`id`, `number`, `vehicle_fleet_id`) VALUES ('9', 29, '1');
INSERT INTO `routes` (`id`, `number`, `vehicle_fleet_id`) VALUES ('10', 66, '2');




INSERT INTO `schedule` (`bus_shelters_id`, `transports_id`, `arrival_time`) VALUES ('14', '77', '13:08:48');
INSERT INTO `schedule` (`bus_shelters_id`, `transports_id`, `arrival_time`) VALUES ('14', '77', '10:10:29');
INSERT INTO `schedule` (`bus_shelters_id`, `transports_id`, `arrival_time`) VALUES ('14', '77', '14:57:31');
INSERT INTO `schedule` (`bus_shelters_id`, `transports_id`, `arrival_time`) VALUES ('14', '77', '20:55:24');
INSERT INTO `schedule` (`bus_shelters_id`, `transports_id`, `arrival_time`) VALUES ('9', '6', '10:21:11');
INSERT INTO `schedule` (`bus_shelters_id`, `transports_id`, `arrival_time`) VALUES ('9', '6', '07:19:22');
INSERT INTO `schedule` (`bus_shelters_id`, `transports_id`, `arrival_time`) VALUES ('9', '6', '11:05:13');
INSERT INTO `schedule` (`bus_shelters_id`, `transports_id`, `arrival_time`) VALUES ('18', '26', '14:03:59');
INSERT INTO `schedule` (`bus_shelters_id`, `transports_id`, `arrival_time`) VALUES ('1', '21', '05:27:01');
INSERT INTO `schedule` (`bus_shelters_id`, `transports_id`, `arrival_time`) VALUES ('20', '3', '10:28:13');
INSERT INTO `schedule` (`bus_shelters_id`, `transports_id`, `arrival_time`) VALUES ('4', '25', '01:10:30');
INSERT INTO `schedule` (`bus_shelters_id`, `transports_id`, `arrival_time`) VALUES ('6', '6', '13:19:49');
INSERT INTO `schedule` (`bus_shelters_id`, `transports_id`, `arrival_time`) VALUES ('7', '15', '05:31:31');
INSERT INTO `schedule` (`bus_shelters_id`, `transports_id`, `arrival_time`) VALUES ('7', '21', '10:45:27');
INSERT INTO `schedule` (`bus_shelters_id`, `transports_id`, `arrival_time`) VALUES ('6', '28', '10:28:42');
INSERT INTO `schedule` (`bus_shelters_id`, `transports_id`, `arrival_time`) VALUES ('9', '10', '16:59:32');
INSERT INTO `schedule` (`bus_shelters_id`, `transports_id`, `arrival_time`) VALUES ('13', '5', '11:36:44');
INSERT INTO `schedule` (`bus_shelters_id`, `transports_id`, `arrival_time`) VALUES ('17', '9', '01:27:29');
INSERT INTO `schedule` (`bus_shelters_id`, `transports_id`, `arrival_time`) VALUES ('13', '10', '11:25:40');
INSERT INTO `schedule` (`bus_shelters_id`, `transports_id`, `arrival_time`) VALUES ('6', '2', '14:20:08');
INSERT INTO `schedule` (`bus_shelters_id`, `transports_id`, `arrival_time`) VALUES ('10', '18', '18:48:50');
INSERT INTO `schedule` (`bus_shelters_id`, `transports_id`, `arrival_time`) VALUES ('1', '12', '23:04:52');
INSERT INTO `schedule` (`bus_shelters_id`, `transports_id`, `arrival_time`) VALUES ('9', '27', '09:42:13');
INSERT INTO `schedule` (`bus_shelters_id`, `transports_id`, `arrival_time`) VALUES ('5', '14', '08:14:19');
INSERT INTO `schedule` (`bus_shelters_id`, `transports_id`, `arrival_time`) VALUES ('12', '8', '02:11:52');
INSERT INTO `schedule` (`bus_shelters_id`, `transports_id`, `arrival_time`) VALUES ('11', '22', '23:46:40');
INSERT INTO `schedule` (`bus_shelters_id`, `transports_id`, `arrival_time`) VALUES ('2', '24', '17:30:41');
INSERT INTO `schedule` (`bus_shelters_id`, `transports_id`, `arrival_time`) VALUES ('19', '12', '08:59:50');
INSERT INTO `schedule` (`bus_shelters_id`, `transports_id`, `arrival_time`) VALUES ('6', '8', '11:20:15');
INSERT INTO `schedule` (`bus_shelters_id`, `transports_id`, `arrival_time`) VALUES ('2', '17', '10:47:34');
INSERT INTO `schedule` (`bus_shelters_id`, `transports_id`, `arrival_time`) VALUES ('4', '15', '17:29:12');
INSERT INTO `schedule` (`bus_shelters_id`, `transports_id`, `arrival_time`) VALUES ('18', '24', '16:30:07');
INSERT INTO `schedule` (`bus_shelters_id`, `transports_id`, `arrival_time`) VALUES ('13', '21', '09:12:55');
INSERT INTO `schedule` (`bus_shelters_id`, `transports_id`, `arrival_time`) VALUES ('2', '8', '22:49:37');
INSERT INTO `schedule` (`bus_shelters_id`, `transports_id`, `arrival_time`) VALUES ('20', '11', '06:43:59');
INSERT INTO `schedule` (`bus_shelters_id`, `transports_id`, `arrival_time`) VALUES ('19', '10', '15:19:49');
INSERT INTO `schedule` (`bus_shelters_id`, `transports_id`, `arrival_time`) VALUES ('18', '12', '04:58:05');
INSERT INTO `schedule` (`bus_shelters_id`, `transports_id`, `arrival_time`) VALUES ('5', '4', '16:21:42');
INSERT INTO `schedule` (`bus_shelters_id`, `transports_id`, `arrival_time`) VALUES ('17', '24', '23:02:39');
INSERT INTO `schedule` (`bus_shelters_id`, `transports_id`, `arrival_time`) VALUES ('7', '11', '01:26:53');
INSERT INTO `schedule` (`bus_shelters_id`, `transports_id`, `arrival_time`) VALUES ('11', '13', '02:48:33');
INSERT INTO `schedule` (`bus_shelters_id`, `transports_id`, `arrival_time`) VALUES ('4', '14', '11:07:45');
INSERT INTO `schedule` (`bus_shelters_id`, `transports_id`, `arrival_time`) VALUES ('16', '13', '08:58:28');
INSERT INTO `schedule` (`bus_shelters_id`, `transports_id`, `arrival_time`) VALUES ('14', '25', '11:06:39');
INSERT INTO `schedule` (`bus_shelters_id`, `transports_id`, `arrival_time`) VALUES ('20', '26', '03:23:00');
INSERT INTO `schedule` (`bus_shelters_id`, `transports_id`, `arrival_time`) VALUES ('7', '27', '11:43:25');
INSERT INTO `schedule` (`bus_shelters_id`, `transports_id`, `arrival_time`) VALUES ('14', '29', '22:47:39');
INSERT INTO `schedule` (`bus_shelters_id`, `transports_id`, `arrival_time`) VALUES ('12', '23', '12:06:37');
INSERT INTO `schedule` (`bus_shelters_id`, `transports_id`, `arrival_time`) VALUES ('5', '17', '13:24:51');
INSERT INTO `schedule` (`bus_shelters_id`, `transports_id`, `arrival_time`) VALUES ('2', '16', '13:55:37');
INSERT INTO `schedule` (`bus_shelters_id`, `transports_id`, `arrival_time`) VALUES ('1', '1', '21:23:37');
INSERT INTO `schedule` (`bus_shelters_id`, `transports_id`, `arrival_time`) VALUES ('17', '27', '11:46:39');
INSERT INTO `schedule` (`bus_shelters_id`, `transports_id`, `arrival_time`) VALUES ('8', '2', '15:12:15');
INSERT INTO `schedule` (`bus_shelters_id`, `transports_id`, `arrival_time`) VALUES ('1', '7', '14:27:35');
INSERT INTO `schedule` (`bus_shelters_id`, `transports_id`, `arrival_time`) VALUES ('17', '11', '23:44:45');
INSERT INTO `schedule` (`bus_shelters_id`, `transports_id`, `arrival_time`) VALUES ('12', '11', '23:36:39');
INSERT INTO `schedule` (`bus_shelters_id`, `transports_id`, `arrival_time`) VALUES ('16', '22', '16:32:55');
INSERT INTO `schedule` (`bus_shelters_id`, `transports_id`, `arrival_time`) VALUES ('17', '16', '19:18:01');
INSERT INTO `schedule` (`bus_shelters_id`, `transports_id`, `arrival_time`) VALUES ('4', '16', '05:02:50');
INSERT INTO `schedule` (`bus_shelters_id`, `transports_id`, `arrival_time`) VALUES ('8', '5', '08:28:40');
INSERT INTO `schedule` (`bus_shelters_id`, `transports_id`, `arrival_time`) VALUES ('8', '21', '04:15:03');
INSERT INTO `schedule` (`bus_shelters_id`, `transports_id`, `arrival_time`) VALUES ('13', '18', '00:37:33');
INSERT INTO `schedule` (`bus_shelters_id`, `transports_id`, `arrival_time`) VALUES ('15', '26', '01:52:20');
INSERT INTO `schedule` (`bus_shelters_id`, `transports_id`, `arrival_time`) VALUES ('3', '25', '13:30:31');
INSERT INTO `schedule` (`bus_shelters_id`, `transports_id`, `arrival_time`) VALUES ('17', '7', '20:56:30');
INSERT INTO `schedule` (`bus_shelters_id`, `transports_id`, `arrival_time`) VALUES ('2', '7', '06:15:53');
INSERT INTO `schedule` (`bus_shelters_id`, `transports_id`, `arrival_time`) VALUES ('6', '3', '21:53:58');
INSERT INTO `schedule` (`bus_shelters_id`, `transports_id`, `arrival_time`) VALUES ('9', '4', '23:14:08');
INSERT INTO `schedule` (`bus_shelters_id`, `transports_id`, `arrival_time`) VALUES ('9', '1', '09:10:20');
INSERT INTO `schedule` (`bus_shelters_id`, `transports_id`, `arrival_time`) VALUES ('10', '6', '04:41:57');
INSERT INTO `schedule` (`bus_shelters_id`, `transports_id`, `arrival_time`) VALUES ('16', '9', '18:58:04');
INSERT INTO `schedule` (`bus_shelters_id`, `transports_id`, `arrival_time`) VALUES ('15', '28', '14:54:20');
INSERT INTO `schedule` (`bus_shelters_id`, `transports_id`, `arrival_time`) VALUES ('16', '2', '21:02:03');
INSERT INTO `schedule` (`bus_shelters_id`, `transports_id`, `arrival_time`) VALUES ('2', '5', '04:06:23');
INSERT INTO `schedule` (`bus_shelters_id`, `transports_id`, `arrival_time`) VALUES ('15', '4', '18:08:01');
INSERT INTO `schedule` (`bus_shelters_id`, `transports_id`, `arrival_time`) VALUES ('4', '12', '06:47:11');
INSERT INTO `schedule` (`bus_shelters_id`, `transports_id`, `arrival_time`) VALUES ('14', '28', '14:37:34');
INSERT INTO `schedule` (`bus_shelters_id`, `transports_id`, `arrival_time`) VALUES ('5', '25', '20:29:25');
INSERT INTO `schedule` (`bus_shelters_id`, `transports_id`, `arrival_time`) VALUES ('15', '19', '12:15:34');
INSERT INTO `schedule` (`bus_shelters_id`, `transports_id`, `arrival_time`) VALUES ('20', '18', '21:52:04');
INSERT INTO `schedule` (`bus_shelters_id`, `transports_id`, `arrival_time`) VALUES ('17', '2', '08:00:26');
INSERT INTO `schedule` (`bus_shelters_id`, `transports_id`, `arrival_time`) VALUES ('17', '4', '16:10:04');
INSERT INTO `schedule` (`bus_shelters_id`, `transports_id`, `arrival_time`) VALUES ('3', '8', '16:05:19');
INSERT INTO `schedule` (`bus_shelters_id`, `transports_id`, `arrival_time`) VALUES ('5', '16', '21:59:15');
INSERT INTO `schedule` (`bus_shelters_id`, `transports_id`, `arrival_time`) VALUES ('6', '22', '14:02:36');
INSERT INTO `schedule` (`bus_shelters_id`, `transports_id`, `arrival_time`) VALUES ('15', '1', '04:51:14');
INSERT INTO `schedule` (`bus_shelters_id`, `transports_id`, `arrival_time`) VALUES ('1', '13', '23:42:20');
INSERT INTO `schedule` (`bus_shelters_id`, `transports_id`, `arrival_time`) VALUES ('19', '25', '16:26:24');
INSERT INTO `schedule` (`bus_shelters_id`, `transports_id`, `arrival_time`) VALUES ('10', '1', '18:21:53');
INSERT INTO `schedule` (`bus_shelters_id`, `transports_id`, `arrival_time`) VALUES ('20', '7', '07:25:27');
INSERT INTO `schedule` (`bus_shelters_id`, `transports_id`, `arrival_time`) VALUES ('3', '5', '15:36:57');
INSERT INTO `schedule` (`bus_shelters_id`, `transports_id`, `arrival_time`) VALUES ('13', '24', '14:32:19');
INSERT INTO `schedule` (`bus_shelters_id`, `transports_id`, `arrival_time`) VALUES ('2', '26', '14:24:37');
INSERT INTO `schedule` (`bus_shelters_id`, `transports_id`, `arrival_time`) VALUES ('13', '25', '15:55:48');
INSERT INTO `schedule` (`bus_shelters_id`, `transports_id`, `arrival_time`) VALUES ('8', '10', '14:37:33');
INSERT INTO `schedule` (`bus_shelters_id`, `transports_id`, `arrival_time`) VALUES ('13', '6', '05:53:26');



INSERT INTO `transports` (`id`, `number`, `date_manufacture`, `date_operation`, `route_id`, `type_transport_id`, `vehicle_fleet_id`) VALUES ('1', '41', '1985-02-14', '2000-11-25', '10', '1','1');
INSERT INTO `transports` (`id`, `number`, `date_manufacture`, `date_operation`, `route_id`, `type_transport_id`, `vehicle_fleet_id`) VALUES ('2', '', '2011-09-23', '1989-04-18', '10', '2','1');
INSERT INTO `transports` (`id`, `number`, `date_manufacture`, `date_operation`, `route_id`, `type_transport_id`, `vehicle_fleet_id`) VALUES ('3', '8492502', '2013-07-08', '1987-01-15', '10', '3','1');
INSERT INTO `transports` (`id`, `number`, `date_manufacture`, `date_operation`, `route_id`, `type_transport_id`, `vehicle_fleet_id`) VALUES ('4', '8889', '2010-05-04', '2011-06-16', '4', '4','1');
INSERT INTO `transports` (`id`, `number`, `date_manufacture`, `date_operation`, `route_id`, `type_transport_id`, `vehicle_fleet_id`) VALUES ('5', '1', '2014-11-08', '1998-11-09', '5', '1','1');
INSERT INTO `transports` (`id`, `number`, `date_manufacture`, `date_operation`, `route_id`, `type_transport_id`, `vehicle_fleet_id`) VALUES ('6', '505', '1980-12-19', '1990-04-01', '6', '2','1');
INSERT INTO `transports` (`id`, `number`, `date_manufacture`, `date_operation`, `route_id`, `type_transport_id`, `vehicle_fleet_id`) VALUES ('7', '', '1984-09-04', '2014-09-03', '7', '3','1');
INSERT INTO `transports` (`id`, `number`, `date_manufacture`, `date_operation`, `route_id`, `type_transport_id`, `vehicle_fleet_id`) VALUES ('8', '895', '1994-05-03', '2002-03-11', '8', '4','1');
INSERT INTO `transports` (`id`, `number`, `date_manufacture`, `date_operation`, `route_id`, `type_transport_id`, `vehicle_fleet_id`) VALUES ('9', '921548', '1995-11-13', '2009-02-18', '9', '1','1');
INSERT INTO `transports` (`id`, `number`, `date_manufacture`, `date_operation`, `route_id`, `type_transport_id`, `vehicle_fleet_id`) VALUES ('10', '30529057', '1982-02-26', '2018-11-13', '10', '2','1');
INSERT INTO `transports` (`id`, `number`, `date_manufacture`, `date_operation`, `route_id`, `type_transport_id`, `vehicle_fleet_id`) VALUES ('11', '5092', '1985-11-28', '2013-03-01', '1', '3','1');
INSERT INTO `transports` (`id`, `number`, `date_manufacture`, `date_operation`, `route_id`, `type_transport_id`, `vehicle_fleet_id`) VALUES ('12', '532913547', '2012-05-31', '1992-12-13', '2', '4','2');
INSERT INTO `transports` (`id`, `number`, `date_manufacture`, `date_operation`, `route_id`, `type_transport_id`, `vehicle_fleet_id`) VALUES ('13', '', '2017-05-26', '1982-03-13', '3', '1','2');
INSERT INTO `transports` (`id`, `number`, `date_manufacture`, `date_operation`, `route_id`, `type_transport_id`, `vehicle_fleet_id`) VALUES ('14', '66', '2016-04-02', '1970-01-02', '4', '2','2');
INSERT INTO `transports` (`id`, `number`, `date_manufacture`, `date_operation`, `route_id`, `type_transport_id`, `vehicle_fleet_id`) VALUES ('15', '', '1973-03-10', '1980-06-12', '5', '3','2');
INSERT INTO `transports` (`id`, `number`, `date_manufacture`, `date_operation`, `route_id`, `type_transport_id`, `vehicle_fleet_id`) VALUES ('16', '564316987', '1998-11-12', '1980-09-29', '6', '4','2');
INSERT INTO `transports` (`id`, `number`, `date_manufacture`, `date_operation`, `route_id`, `type_transport_id`, `vehicle_fleet_id`) VALUES ('17', '1', '1990-03-17', '2004-01-07', '7', '1','2');
INSERT INTO `transports` (`id`, `number`, `date_manufacture`, `date_operation`, `route_id`, `type_transport_id`, `vehicle_fleet_id`) VALUES ('18', '5828257', '1987-08-17', '1975-02-12', '8', '2','4');
INSERT INTO `transports` (`id`, `number`, `date_manufacture`, `date_operation`, `route_id`, `type_transport_id`, `vehicle_fleet_id`) VALUES ('19', '30', '2009-07-18', '2010-07-28', '9', '3','4');
INSERT INTO `transports` (`id`, `number`, `date_manufacture`, `date_operation`, `route_id`, `type_transport_id`, `vehicle_fleet_id`) VALUES ('20', '48331', '1998-10-25', '1998-04-04', '10', '4','4');
INSERT INTO `transports` (`id`, `number`, `date_manufacture`, `date_operation`, `route_id`, `type_transport_id`, `vehicle_fleet_id`) VALUES ('21', '5', '1983-03-28', '1991-06-14', '1', '1','4');
INSERT INTO `transports` (`id`, `number`, `date_manufacture`, `date_operation`, `route_id`, `type_transport_id`, `vehicle_fleet_id`) VALUES ('22', '', '2019-08-11', '2020-06-05', '2', '2','4');
INSERT INTO `transports` (`id`, `number`, `date_manufacture`, `date_operation`, `route_id`, `type_transport_id`, `vehicle_fleet_id`) VALUES ('23', '31', '1998-05-30', '2000-06-18', '3', '3','4');
INSERT INTO `transports` (`id`, `number`, `date_manufacture`, `date_operation`, `route_id`, `type_transport_id`, `vehicle_fleet_id`) VALUES ('24', '622607553', '1991-06-12', '1973-10-13', '4', '4','4');
INSERT INTO `transports` (`id`, `number`, `date_manufacture`, `date_operation`, `route_id`, `type_transport_id`, `vehicle_fleet_id`) VALUES ('25', '38874785', '1995-02-19', '2014-03-25', '5', '1','3');
INSERT INTO `transports` (`id`, `number`, `date_manufacture`, `date_operation`, `route_id`, `type_transport_id`, `vehicle_fleet_id`) VALUES ('26', '59203', '1975-10-20', '2005-02-27', '6', '2','3');
INSERT INTO `transports` (`id`, `number`, `date_manufacture`, `date_operation`, `route_id`, `type_transport_id`, `vehicle_fleet_id`) VALUES ('27', '7815582', '1997-11-05', '1972-10-28', '7', '3','3');
INSERT INTO `transports` (`id`, `number`, `date_manufacture`, `date_operation`, `route_id`, `type_transport_id`, `vehicle_fleet_id`) VALUES ('28', '1', '2003-06-30', '2003-03-26', '8', '4','3');
INSERT INTO `transports` (`id`, `number`, `date_manufacture`, `date_operation`, `route_id`, `type_transport_id`, `vehicle_fleet_id`) VALUES ('29', '779537613', '2019-09-29', '2010-08-20', '9', '1','3');
INSERT INTO `transports` (`id`, `number`, `date_manufacture`, `date_operation`, `route_id`, `type_transport_id`, `vehicle_fleet_id`) VALUES ('30', '', '2012-12-24', '2005-07-05', '10', '2','3');






INSERT INTO `type_transport` (`id`, `name`) VALUES ('1', 'Автобус');
INSERT INTO `type_transport` (`id`, `name`) VALUES ('2', 'Троллейбус');
INSERT INTO `type_transport` (`id`, `name`) VALUES ('3', 'Трамвай');
INSERT INTO `type_transport` (`id`, `name`) VALUES ('4', 'Маршрутка');




INSERT INTO `vehicle_fleet` (`id`, `name`, `area_id`) VALUES ('1', 'Первый', '4');
INSERT INTO `vehicle_fleet` (`id`, `name`, `area_id`) VALUES ('2', 'Второй', '1');
INSERT INTO `vehicle_fleet` (`id`, `name`, `area_id`) VALUES ('3', 'Третий', '3');
INSERT INTO `vehicle_fleet` (`id`, `name`, `area_id`) VALUES ('4', 'Четвертый', '2');

